official_lang,translation_lang,original_file,original_commit,translation_file,translation_exists,translation_commit,translation_is_outdated
en,ko,docs/source/en/preprocessing.md,2024-09-09 10:47:24+02:00,docs/source/ko/preprocessing.md,True,2024-02-16 08:16:58+01:00,True
en,ko,docs/source/en/sagemaker.md,2024-09-09 10:47:24+02:00,docs/source/ko/sagemaker.md,True,2023-11-06 19:45:03+00:00,True
en,ko,docs/source/en/model_sharing.md,2024-09-09 10:47:24+02:00,docs/source/ko/model_sharing.md,True,2024-02-16 08:16:58+01:00,True
en,ko,docs/source/en/perf_infer_gpu_one.md,2024-09-25 21:28:49+02:00,docs/source/ko/perf_infer_gpu_one.md,True,2024-05-30 16:47:35+02:00,True
en,ko,docs/source/en/perf_train_cpu_many.md,2024-08-14 09:36:43-07:00,docs/source/ko/perf_train_cpu_many.md,True,2024-02-16 08:16:58+01:00,True
en,ko,docs/source/en/pad_truncation.md,2024-09-09 10:47:24+02:00,docs/source/ko/pad_truncation.md,True,2024-02-06 11:15:44-08:00,True
en,ko,docs/source/en/kv_cache.md,2024-09-19 12:02:46+01:00,docs/source/ko/kv_cache.md,False,,False
en,ko,docs/source/en/accelerate.md,2024-09-09 10:47:24+02:00,docs/source/ko/accelerate.md,True,2023-06-20 18:07:47-04:00,True
en,ko,docs/source/en/community.md,2024-09-09 10:47:24+02:00,docs/source/ko/community.md,True,2024-02-16 08:16:58+01:00,True
en,ko,docs/source/en/troubleshooting.md,2024-02-16 08:16:58+01:00,docs/source/ko/troubleshooting.md,True,2024-02-16 08:16:58+01:00,False
en,ko,docs/source/en/serialization.md,2024-09-09 10:47:24+02:00,docs/source/ko/serialization.md,True,2024-02-16 08:16:58+01:00,True
en,ko,docs/source/en/training.md,2024-05-14 18:45:06+01:00,docs/source/ko/training.md,True,2024-04-18 12:49:43-04:00,True
en,ko,docs/source/en/conversations.md,2024-07-23 17:47:51+01:00,docs/source/ko/conversations.md,True,2024-08-27 09:25:41-07:00,False
en,ko,docs/source/en/tasks_explained.md,2024-09-09 10:47:24+02:00,docs/source/ko/tasks_explained.md,True,2023-06-20 18:07:47-04:00,True
en,ko,docs/source/en/benchmarks.md,2024-09-09 10:47:24+02:00,docs/source/ko/benchmarks.md,False,,False
en,ko,docs/source/en/generation_strategies.md,2024-09-09 10:47:24+02:00,docs/source/ko/generation_strategies.md,True,2024-05-16 14:32:21+01:00,True
en,ko,docs/source/en/glossary.md,2024-07-08 11:52:47+01:00,docs/source/ko/glossary.md,False,,False
en,ko,docs/source/en/tf_xla.md,2024-07-29 10:50:43+01:00,docs/source/ko/tf_xla.md,True,2024-02-16 08:16:58+01:00,True
en,ko,docs/source/en/llm_optims.md,2024-09-06 10:22:00+01:00,docs/source/ko/llm_optims.md,True,2024-08-30 09:52:41-07:00,True
en,ko,docs/source/en/llm_tutorial.md,2024-08-22 15:30:22+02:00,docs/source/ko/llm_tutorial.md,True,2023-11-20 17:14:23+00:00,True
en,ko,docs/source/en/torchscript.md,2024-09-09 10:47:24+02:00,docs/source/ko/torchscript.md,True,2024-02-16 08:16:58+01:00,True
en,ko,docs/source/en/perf_train_tpu_tf.md,2024-09-09 10:47:24+02:00,docs/source/ko/perf_train_tpu_tf.md,True,2023-08-18 23:08:34+02:00,True
en,ko,docs/source/en/quicktour.md,2024-06-12 11:33:00+01:00,docs/source/ko/quicktour.md,True,2024-06-12 11:33:00+01:00,False
en,ko,docs/source/en/trainer.md,2024-09-09 10:47:24+02:00,docs/source/ko/trainer.md,True,2024-08-08 09:38:58-07:00,True
en,ko,docs/source/en/run_scripts.md,2024-09-12 10:16:12-07:00,docs/source/ko/run_scripts.md,True,2024-02-16 08:16:58+01:00,True
en,ko,docs/source/en/custom_models.md,2024-08-26 13:15:43+02:00,docs/source/ko/custom_models.md,True,2024-08-26 13:15:43+02:00,False
en,ko,docs/source/en/autoclass_tutorial.md,2024-09-09 10:47:24+02:00,docs/source/ko/autoclass_tutorial.md,True,2024-02-16 08:16:58+01:00,True
en,ko,docs/source/en/perf_infer_cpu.md,2024-02-02 08:45:00+01:00,docs/source/ko/perf_infer_cpu.md,True,2023-07-25 16:04:14+02:00,True
en,ko,docs/source/en/bertology.md,2024-09-09 10:47:24+02:00,docs/source/ko/bertology.md,True,2023-06-20 18:07:47-04:00,True
en,ko,docs/source/en/notebooks.md,2022-04-04 10:25:46-04:00,docs/source/ko/notebooks.md,False,,False
en,ko,docs/source/en/testing.md,2024-09-09 10:47:24+02:00,docs/source/ko/testing.md,True,2024-06-26 21:59:08+01:00,True
en,ko,docs/source/en/performance.md,2024-09-09 10:47:24+02:00,docs/source/ko/performance.md,True,2023-07-24 09:23:34-04:00,True
en,ko,docs/source/en/task_summary.md,2024-04-16 11:58:55+02:00,docs/source/ko/task_summary.md,True,2024-02-16 08:16:58+01:00,True
en,ko,docs/source/en/hpo_train.md,2023-11-13 14:20:54+01:00,docs/source/ko/hpo_train.md,True,2023-11-13 14:20:54+01:00,False
en,ko,docs/source/en/modular_transformers.md,2024-09-24 15:54:07+02:00,docs/source/ko/modular_transformers.md,False,,False
en,ko,docs/source/en/perf_train_gpu_many.md,2024-06-18 11:00:26-07:00,docs/source/ko/perf_train_gpu_many.md,True,2024-02-16 08:16:58+01:00,True
en,ko,docs/source/en/chat_templating.md,2024-09-17 16:08:05+01:00,docs/source/ko/chat_templating.md,True,2024-08-07 11:25:19-07:00,True
en,ko,docs/source/en/add_new_model.md,2024-09-27 17:15:13+02:00,docs/source/ko/add_new_model.md,True,2024-04-24 09:38:18+02:00,True
en,ko,docs/source/en/pipeline_webserver.md,2024-02-16 08:16:58+01:00,docs/source/ko/pipeline_webserver.md,True,2024-02-16 08:16:58+01:00,False
en,ko,docs/source/en/tokenizer_summary.md,2024-06-03 16:52:23-07:00,docs/source/ko/tokenizer_summary.md,True,2024-02-16 08:16:58+01:00,True
en,ko,docs/source/en/deepspeed.md,2024-07-08 11:52:47+01:00,docs/source/ko/deepspeed.md,True,2024-08-12 10:07:31-07:00,False
en,ko,docs/source/en/index.md,2024-09-25 21:28:49+02:00,docs/source/ko/index.md,True,2024-02-06 12:01:01-08:00,True
en,ko,docs/source/en/llm_tutorial_optimization.md,2024-09-24 03:40:56-06:00,docs/source/ko/llm_tutorial_optimization.md,True,2024-08-08 09:37:39-07:00,True
en,ko,docs/source/en/contributing.md,2022-04-04 10:25:46-04:00,docs/source/ko/contributing.md,True,2024-04-24 09:38:18+02:00,False
en,ko,docs/source/en/pipeline_tutorial.md,2024-08-19 09:50:35-07:00,docs/source/ko/pipeline_tutorial.md,True,2024-02-16 08:16:58+01:00,True
en,ko,docs/source/en/fsdp.md,2023-12-20 10:37:23-08:00,docs/source/ko/fsdp.md,True,2024-08-08 09:40:03-07:00,False
en,ko,docs/source/en/model_summary.md,2024-03-23 18:29:39-07:00,docs/source/ko/model_summary.md,True,2023-08-09 18:27:27+02:00,True
en,ko,docs/source/en/perf_hardware.md,2024-09-09 10:47:24+02:00,docs/source/ko/perf_hardware.md,True,2024-02-16 08:16:58+01:00,True
en,ko,docs/source/en/gguf.md,2024-09-30 20:17:33+02:00,docs/source/ko/gguf.md,False,,False
en,ko,docs/source/en/attention.md,2024-02-08 14:13:35-08:00,docs/source/ko/attention.md,True,2024-02-08 14:13:35-08:00,False
en,ko,docs/source/en/fast_tokenizers.md,2023-06-20 18:07:47-04:00,docs/source/ko/fast_tokenizers.md,True,2023-06-20 18:07:47-04:00,False
en,ko,docs/source/en/big_models.md,2024-04-01 18:47:32-07:00,docs/source/ko/big_models.md,True,2024-02-16 08:16:58+01:00,True
en,ko,docs/source/en/perf_train_cpu.md,2024-02-16 08:16:58+01:00,docs/source/ko/perf_train_cpu.md,True,2024-02-16 08:16:58+01:00,False
en,ko,docs/source/en/model_memory_anatomy.md,2024-09-24 03:40:56-06:00,docs/source/ko/model_memory_anatomy.md,True,2024-04-18 12:49:43-04:00,True
en,ko,docs/source/en/perplexity.md,2024-02-16 08:16:58+01:00,docs/source/ko/perplexity.md,True,2024-02-16 08:16:58+01:00,False
en,ko,docs/source/en/agents.md,2024-09-18 11:07:51+02:00,docs/source/ko/agents.md,False,,False
en,ko,docs/source/en/philosophy.md,2023-11-06 19:45:03+00:00,docs/source/ko/philosophy.md,True,2023-11-06 19:45:03+00:00,False
en,ko,docs/source/en/add_new_pipeline.md,2024-04-16 15:34:04+01:00,docs/source/ko/add_new_pipeline.md,True,2024-04-16 15:34:04+01:00,False
en,ko,docs/source/en/multilingual.md,2024-02-16 08:16:58+01:00,docs/source/ko/multilingual.md,True,2024-02-16 08:16:58+01:00,False
en,ko,docs/source/en/debugging.md,2024-09-09 10:47:24+02:00,docs/source/ko/debugging.md,True,2023-09-27 13:47:44-07:00,True
en,ko,docs/source/en/create_a_model.md,2024-06-06 22:02:38+01:00,docs/source/ko/create_a_model.md,True,2024-02-16 08:16:58+01:00,True
en,ko,docs/source/en/perf_train_gpu_one.md,2024-09-25 19:20:51+02:00,docs/source/ko/perf_train_gpu_one.md,False,,False
en,ko,docs/source/en/installation.md,2024-09-09 10:47:24+02:00,docs/source/ko/installation.md,True,2024-05-29 11:55:43+01:00,True
en,ko,docs/source/en/agents_advanced.md,2024-09-18 11:07:51+02:00,docs/source/ko/agents_advanced.md,False,,False
en,ko,docs/source/en/pr_checks.md,2024-09-09 10:47:24+02:00,docs/source/ko/pr_checks.md,True,2023-08-17 08:03:17+02:00,True
en,ko,docs/source/en/tflite.md,2024-02-16 08:16:58+01:00,docs/source/ko/tflite.md,True,2024-02-16 08:16:58+01:00,False
en,ko,docs/source/en/perf_torch_compile.md,2024-07-29 10:50:43+01:00,docs/source/ko/perf_torch_compile.md,False,,False
en,ko,docs/source/en/perf_train_special.md,2024-02-16 08:16:58+01:00,docs/source/ko/perf_train_special.md,False,,False
en,ko,docs/source/en/tiktoken.md,2024-09-06 14:24:02+02:00,docs/source/ko/tiktoken.md,False,,False
en,ko,docs/source/en/peft.md,2024-09-09 10:47:24+02:00,docs/source/ko/peft.md,True,2024-05-30 16:47:35+02:00,True
en,ko,docs/source/en/tasks/translation.md,2024-09-12 10:16:12-07:00,docs/source/ko/tasks/translation.md,True,2024-05-02 14:42:25+01:00,True
en,ko,docs/source/en/tasks/document_question_answering.md,2024-04-24 09:38:10+02:00,docs/source/ko/tasks/document_question_answering.md,True,2024-04-24 09:38:10+02:00,False
en,ko,docs/source/en/tasks/idefics.md,2024-02-08 14:13:35-08:00,docs/source/ko/tasks/idefics.md,True,2024-08-06 11:58:21-07:00,False
en,ko,docs/source/en/tasks/summarization.md,2024-09-12 10:16:12-07:00,docs/source/ko/tasks/summarization.md,True,2024-05-02 14:42:25+01:00,True
en,ko,docs/source/en/tasks/mask_generation.md,2024-06-23 20:27:21+01:00,docs/source/ko/tasks/mask_generation.md,True,2024-08-06 11:36:14-07:00,False
en,ko,docs/source/en/tasks/zero_shot_object_detection.md,2024-09-12 11:25:44+02:00,docs/source/ko/tasks/zero_shot_object_detection.md,True,2023-06-20 18:07:47-04:00,True
en,ko,docs/source/en/tasks/semantic_segmentation.md,2024-06-10 12:35:10+01:00,docs/source/ko/tasks/semantic_segmentation.md,True,2024-06-10 12:35:10+01:00,False
en,ko,docs/source/en/tasks/image_captioning.md,2024-04-18 12:49:43-04:00,docs/source/ko/tasks/image_captioning.md,True,2024-04-18 12:49:43-04:00,False
en,ko,docs/source/en/tasks/image_text_to_text.md,2024-09-09 10:47:24+02:00,docs/source/ko/tasks/image_text_to_text.md,False,,False
en,ko,docs/source/en/tasks/object_detection.md,2024-06-19 10:36:44+01:00,docs/source/ko/tasks/object_detection.md,True,2024-04-24 09:38:10+02:00,True
en,ko,docs/source/en/tasks/token_classification.md,2024-04-24 09:38:10+02:00,docs/source/ko/tasks/token_classification.md,True,2024-04-24 09:38:10+02:00,False
en,ko,docs/source/en/tasks/sequence_classification.md,2024-04-24 09:38:10+02:00,docs/source/ko/tasks/sequence_classification.md,True,2024-04-24 09:38:10+02:00,False
en,ko,docs/source/en/tasks/knowledge_distillation_for_image_classification.md,2024-04-18 12:49:43-04:00,docs/source/ko/tasks/knowledge_distillation_for_image_classification.md,True,2024-08-22 10:42:39-07:00,False
en,ko,docs/source/en/tasks/zero_shot_image_classification.md,2024-06-19 11:11:44+01:00,docs/source/ko/tasks/zero_shot_image_classification.md,True,2023-06-20 18:07:47-04:00,True
en,ko,docs/source/en/tasks/visual_question_answering.md,2023-08-09 08:29:06-04:00,docs/source/ko/tasks/visual_question_answering.md,True,2023-08-24 11:14:58-07:00,False
en,ko,docs/source/en/tasks/video_text_to_text.md,2024-09-01 12:06:31+03:00,docs/source/ko/tasks/video_text_to_text.md,False,,False
en,ko,docs/source/en/tasks/image_classification.md,2024-05-15 08:38:30+02:00,docs/source/ko/tasks/image_classification.md,True,2024-04-24 09:38:10+02:00,True
en,ko,docs/source/en/tasks/monocular_depth_estimation.md,2024-09-09 10:47:24+02:00,docs/source/ko/tasks/monocular_depth_estimation.md,True,2024-04-24 09:38:10+02:00,True
en,ko,docs/source/en/tasks/multiple_choice.md,2024-09-11 09:56:40-07:00,docs/source/ko/tasks/multiple_choice.md,True,2024-04-24 09:38:10+02:00,True
en,ko,docs/source/en/tasks/keypoint_detection.md,2024-09-16 13:08:31+02:00,docs/source/ko/tasks/keypoint_detection.md,False,,False
en,ko,docs/source/en/tasks/question_answering.md,2024-04-24 09:38:10+02:00,docs/source/ko/tasks/question_answering.md,True,2024-04-24 09:38:10+02:00,False
en,ko,docs/source/en/tasks/masked_language_modeling.md,2024-09-11 09:56:55-07:00,docs/source/ko/tasks/masked_language_modeling.md,True,2024-04-24 09:38:10+02:00,True
en,ko,docs/source/en/tasks/image_to_image.md,2024-09-09 10:47:24+02:00,docs/source/ko/tasks/image_to_image.md,True,2024-08-06 11:59:44-07:00,True
en,ko,docs/source/en/tasks/video_classification.md,2024-09-09 10:47:24+02:00,docs/source/ko/tasks/video_classification.md,True,2024-04-24 09:38:10+02:00,True
en,ko,docs/source/en/tasks/text-to-speech.md,2024-09-09 10:47:24+02:00,docs/source/ko/tasks/text-to-speech.md,False,,False
en,ko,docs/source/en/tasks/audio_classification.md,2024-09-09 10:47:24+02:00,docs/source/ko/tasks/audio_classification.md,True,2024-04-24 09:38:10+02:00,True
en,ko,docs/source/en/tasks/asr.md,2024-09-09 10:47:24+02:00,docs/source/ko/tasks/asr.md,True,2024-04-24 09:38:10+02:00,True
en,ko,docs/source/en/tasks/language_modeling.md,2024-09-11 09:56:55-07:00,docs/source/ko/tasks/language_modeling.md,True,2024-05-02 14:42:25+01:00,True
en,ko,docs/source/en/tasks/prompting.md,2024-09-09 10:47:24+02:00,docs/source/ko/tasks/prompting.md,True,2024-08-07 09:44:31-07:00,True
en,ko,docs/source/en/tasks/image_feature_extraction.md,2024-03-26 12:32:37+01:00,docs/source/ko/tasks/image_feature_extraction.md,True,2024-08-07 09:56:23-07:00,False
en,ko,docs/source/en/model_doc/timesformer.md,2023-11-03 10:57:03-04:00,docs/source/ko/model_doc/timesformer.md,False,,False
en,ko,docs/source/en/model_doc/deberta-v2.md,2023-11-03 10:57:03-04:00,docs/source/ko/model_doc/deberta-v2.md,False,,False
en,ko,docs/source/en/model_doc/chinese_clip.md,2023-11-03 10:57:03-04:00,docs/source/ko/model_doc/chinese_clip.md,False,,False
en,ko,docs/source/en/model_doc/phobert.md,2024-09-09 10:47:24+02:00,docs/source/ko/model_doc/phobert.md,False,,False
en,ko,docs/source/en/model_doc/fuyu.md,2024-09-24 21:28:19-04:00,docs/source/ko/model_doc/fuyu.md,False,,False
en,ko,docs/source/en/model_doc/vision-encoder-decoder.md,2024-02-16 08:16:58+01:00,docs/source/ko/model_doc/vision-encoder-decoder.md,False,,False
en,ko,docs/source/en/model_doc/matcha.md,2024-09-09 10:47:24+02:00,docs/source/ko/model_doc/matcha.md,False,,False
en,ko,docs/source/en/model_doc/switch_transformers.md,2023-11-06 19:45:03+00:00,docs/source/ko/model_doc/switch_transformers.md,False,,False
en,ko,docs/source/en/model_doc/vits.md,2024-09-09 10:47:24+02:00,docs/source/ko/model_doc/vits.md,False,,False
en,ko,docs/source/en/model_doc/rag.md,2023-11-03 10:57:03-04:00,docs/source/ko/model_doc/rag.md,False,,False
en,ko,docs/source/en/model_doc/mobilebert.md,2023-11-06 19:45:03+00:00,docs/source/ko/model_doc/mobilebert.md,False,,False
en,ko,docs/source/en/model_doc/pvt_v2.md,2024-03-13 19:05:20+00:00,docs/source/ko/model_doc/pvt_v2.md,False,,False
en,ko,docs/source/en/model_doc/trocr.md,2023-11-03 10:57:03-04:00,docs/source/ko/model_doc/trocr.md,False,,False
en,ko,docs/source/en/model_doc/bartpho.md,2023-11-03 10:57:03-04:00,docs/source/ko/model_doc/bartpho.md,False,,False
en,ko,docs/source/en/model_doc/biogpt.md,2024-09-20 14:27:32+01:00,docs/source/ko/model_doc/biogpt.md,False,,False
en,ko,docs/source/en/model_doc/speecht5.md,2023-08-03 14:12:07+01:00,docs/source/ko/model_doc/speecht5.md,False,,False
en,ko,docs/source/en/model_doc/mobilenet_v1.md,2023-11-03 10:57:03-04:00,docs/source/ko/model_doc/mobilenet_v1.md,False,,False
en,ko,docs/source/en/model_doc/jetmoe.md,2024-05-14 16:32:01+02:00,docs/source/ko/model_doc/jetmoe.md,False,,False
en,ko,docs/source/en/model_doc/xlm-roberta-xl.md,2023-11-03 10:57:03-04:00,docs/source/ko/model_doc/xlm-roberta-xl.md,False,,False
en,ko,docs/source/en/model_doc/bit.md,2023-11-03 10:57:03-04:00,docs/source/ko/model_doc/bit.md,False,,False
en,ko,docs/source/en/model_doc/idefics.md,2024-05-13 15:59:46+01:00,docs/source/ko/model_doc/idefics.md,False,,False
en,ko,docs/source/en/model_doc/vilt.md,2023-11-03 10:57:03-04:00,docs/source/ko/model_doc/vilt.md,False,,False
en,ko,docs/source/en/model_doc/mpt.md,2024-09-09 10:47:24+02:00,docs/source/ko/model_doc/mpt.md,False,,False
en,ko,docs/source/en/model_doc/code_llama.md,2024-09-09 10:47:24+02:00,docs/source/ko/model_doc/code_llama.md,False,,False
en,ko,docs/source/en/model_doc/llava_next.md,2024-09-24 21:28:19-04:00,docs/source/ko/model_doc/llava_next.md,False,,False
en,ko,docs/source/en/model_doc/xglm.md,2023-11-03 10:57:03-04:00,docs/source/ko/model_doc/xglm.md,False,,False
en,ko,docs/source/en/model_doc/layoutlmv2.md,2024-02-12 10:48:31-08:00,docs/source/ko/model_doc/layoutlmv2.md,False,,False
en,ko,docs/source/en/model_doc/retribert.md,2023-07-13 11:46:54-04:00,docs/source/ko/model_doc/retribert.md,False,,False
en,ko,docs/source/en/model_doc/bark.md,2023-12-09 05:38:14+09:00,docs/source/ko/model_doc/bark.md,False,,False
en,ko,docs/source/en/model_doc/ernie_m.md,2024-05-28 18:07:07+01:00,docs/source/ko/model_doc/ernie_m.md,False,,False
en,ko,docs/source/en/model_doc/seggpt.md,2024-09-09 10:47:24+02:00,docs/source/ko/model_doc/seggpt.md,False,,False
en,ko,docs/source/en/model_doc/fastspeech2_conformer.md,2024-03-29 14:31:31+00:00,docs/source/ko/model_doc/fastspeech2_conformer.md,False,,False
en,ko,docs/source/en/model_doc/xclip.md,2024-05-28 18:07:07+01:00,docs/source/ko/model_doc/xclip.md,False,,False
en,ko,docs/source/en/model_doc/videomae.md,2024-05-16 10:56:11+01:00,docs/source/ko/model_doc/videomae.md,False,,False
en,ko,docs/source/en/model_doc/vit.md,2024-06-11 15:47:38+01:00,docs/source/ko/model_doc/vit.md,False,,False
en,ko,docs/source/en/model_doc/jamba.md,2024-09-09 10:47:24+02:00,docs/source/ko/model_doc/jamba.md,False,,False
en,ko,docs/source/en/model_doc/llama.md,2024-05-20 10:06:57+02:00,docs/source/ko/model_doc/llama.md,True,2023-09-08 12:38:41-07:00,True
en,ko,docs/source/en/model_doc/llava_next_video.md,2024-09-24 03:40:56-06:00,docs/source/ko/model_doc/llava_next_video.md,False,,False
en,ko,docs/source/en/model_doc/xlsr_wav2vec2.md,2024-06-05 11:56:11+01:00,docs/source/ko/model_doc/xlsr_wav2vec2.md,False,,False
en,ko,docs/source/en/model_doc/mvp.md,2023-11-03 10:57:03-04:00,docs/source/ko/model_doc/mvp.md,False,,False
en,ko,docs/source/en/model_doc/mbart.md,2024-09-09 10:47:24+02:00,docs/source/ko/model_doc/mbart.md,False,,False
en,ko,docs/source/en/model_doc/whisper.md,2024-08-27 14:11:52+02:00,docs/source/ko/model_doc/whisper.md,True,2023-11-20 17:36:48+01:00,True
en,ko,docs/source/en/model_doc/layoutlmv3.md,2023-11-03 10:57:03-04:00,docs/source/ko/model_doc/layoutlmv3.md,False,,False
en,ko,docs/source/en/model_doc/deformable_detr.md,2024-05-08 11:42:07+01:00,docs/source/ko/model_doc/deformable_detr.md,False,,False
en,ko,docs/source/en/model_doc/mllama.md,2024-09-25 19:56:25+02:00,docs/source/ko/model_doc/mllama.md,False,,False
en,ko,docs/source/en/model_doc/blip.md,2024-06-04 18:29:45+02:00,docs/source/ko/model_doc/blip.md,False,,False
en,ko,docs/source/en/model_doc/persimmon.md,2024-05-20 10:06:57+02:00,docs/source/ko/model_doc/persimmon.md,False,,False
en,ko,docs/source/en/model_doc/deplot.md,2023-11-03 10:57:03-04:00,docs/source/ko/model_doc/deplot.md,False,,False
en,ko,docs/source/en/model_doc/gemma2.md,2024-08-07 10:03:05+05:00,docs/source/ko/model_doc/gemma2.md,False,,False
en,ko,docs/source/en/model_doc/maskformer.md,2024-05-31 16:56:17+01:00,docs/source/ko/model_doc/maskformer.md,False,,False
en,ko,docs/source/en/model_doc/kosmos-2.md,2023-10-30 21:42:19+01:00,docs/source/ko/model_doc/kosmos-2.md,False,,False
en,ko,docs/source/en/model_doc/wav2vec2.md,2024-06-05 11:56:11+01:00,docs/source/ko/model_doc/wav2vec2.md,False,,False
en,ko,docs/source/en/model_doc/gpt-sw3.md,2024-01-15 09:09:22+01:00,docs/source/ko/model_doc/gpt-sw3.md,False,,False
en,ko,docs/source/en/model_doc/vivit.md,2023-11-03 10:57:03-04:00,docs/source/ko/model_doc/vivit.md,False,,False
en,ko,docs/source/en/model_doc/resnet.md,2023-11-03 10:57:03-04:00,docs/source/ko/model_doc/resnet.md,False,,False
en,ko,docs/source/en/model_doc/van.md,2024-02-02 08:45:00+01:00,docs/source/ko/model_doc/van.md,False,,False
en,ko,docs/source/en/model_doc/flaubert.md,2023-11-03 10:57:03-04:00,docs/source/ko/model_doc/flaubert.md,False,,False
en,ko,docs/source/en/model_doc/tvp.md,2023-11-23 17:02:16+00:00,docs/source/ko/model_doc/tvp.md,False,,False
en,ko,docs/source/en/model_doc/fnet.md,2023-11-03 10:57:03-04:00,docs/source/ko/model_doc/fnet.md,False,,False
en,ko,docs/source/en/model_doc/unispeech.md,2023-11-03 10:57:03-04:00,docs/source/ko/model_doc/unispeech.md,False,,False
en,ko,docs/source/en/model_doc/cpmant.md,2023-11-03 10:57:03-04:00,docs/source/ko/model_doc/cpmant.md,False,,False
en,ko,docs/source/en/model_doc/speech-encoder-decoder.md,2024-02-16 08:16:58+01:00,docs/source/ko/model_doc/speech-encoder-decoder.md,False,,False
en,ko,docs/source/en/model_doc/mimi.md,2024-09-18 19:23:44+02:00,docs/source/ko/model_doc/mimi.md,False,,False
en,ko,docs/source/en/model_doc/mms.md,2024-09-09 10:47:24+02:00,docs/source/ko/model_doc/mms.md,False,,False
en,ko,docs/source/en/model_doc/bort.md,2023-11-03 10:57:03-04:00,docs/source/ko/model_doc/bort.md,False,,False
en,ko,docs/source/en/model_doc/squeezebert.md,2023-11-03 10:57:03-04:00,docs/source/ko/model_doc/squeezebert.md,False,,False
en,ko,docs/source/en/model_doc/wav2vec2_phoneme.md,2023-11-03 10:57:03-04:00,docs/source/ko/model_doc/wav2vec2_phoneme.md,False,,False
en,ko,docs/source/en/model_doc/big_bird.md,2023-11-03 10:57:03-04:00,docs/source/ko/model_doc/big_bird.md,False,,False
en,ko,docs/source/en/model_doc/mixtral.md,2024-09-24 03:40:56-06:00,docs/source/ko/model_doc/mixtral.md,False,,False
en,ko,docs/source/en/model_doc/graphormer.md,2024-05-28 18:07:07+01:00,docs/source/ko/model_doc/graphormer.md,False,,False
en,ko,docs/source/en/model_doc/deberta.md,2023-11-03 10:57:03-04:00,docs/source/ko/model_doc/deberta.md,False,,False
en,ko,docs/source/en/model_doc/vit_hybrid.md,2024-05-28 18:07:07+01:00,docs/source/ko/model_doc/vit_hybrid.md,False,,False
en,ko,docs/source/en/model_doc/data2vec.md,2023-11-03 10:57:03-04:00,docs/source/ko/model_doc/data2vec.md,False,,False
en,ko,docs/source/en/model_doc/ul2.md,2023-11-03 10:57:03-04:00,docs/source/ko/model_doc/ul2.md,False,,False
en,ko,docs/source/en/model_doc/olmo.md,2024-04-17 17:59:07+02:00,docs/source/ko/model_doc/olmo.md,False,,False
en,ko,docs/source/en/model_doc/xlm-roberta.md,2024-09-09 10:47:24+02:00,docs/source/ko/model_doc/xlm-roberta.md,False,,False
en,ko,docs/source/en/model_doc/dit.md,2023-11-03 10:57:03-04:00,docs/source/ko/model_doc/dit.md,False,,False
en,ko,docs/source/en/model_doc/tvlt.md,2024-05-28 18:07:07+01:00,docs/source/ko/model_doc/tvlt.md,False,,False
en,ko,docs/source/en/model_doc/time_series_transformer.md,2023-11-03 10:57:03-04:00,docs/source/ko/model_doc/time_series_transformer.md,False,,False
en,ko,docs/source/en/model_doc/gpt_neo.md,2023-12-09 05:38:14+09:00,docs/source/ko/model_doc/gpt_neo.md,False,,False
en,ko,docs/source/en/model_doc/hubert.md,2024-04-22 18:30:38+01:00,docs/source/ko/model_doc/hubert.md,False,,False
en,ko,docs/source/en/model_doc/qwen2.md,2024-07-24 11:54:41+01:00,docs/source/ko/model_doc/qwen2.md,False,,False
en,ko,docs/source/en/model_doc/zoedepth.md,2024-07-08 11:43:33+02:00,docs/source/ko/model_doc/zoedepth.md,False,,False
en,ko,docs/source/en/model_doc/idefics3.md,2024-09-25 21:28:49+02:00,docs/source/ko/model_doc/idefics3.md,False,,False
en,ko,docs/source/en/model_doc/layoutlm.md,2023-11-03 10:57:03-04:00,docs/source/ko/model_doc/layoutlm.md,False,,False
en,ko,docs/source/en/model_doc/table-transformer.md,2023-11-03 10:57:03-04:00,docs/source/ko/model_doc/table-transformer.md,False,,False
en,ko,docs/source/en/model_doc/lilt.md,2024-02-12 10:48:31-08:00,docs/source/ko/model_doc/lilt.md,False,,False
en,ko,docs/source/en/model_doc/m2m_100.md,2024-09-25 18:04:42+01:00,docs/source/ko/model_doc/m2m_100.md,False,,False
en,ko,docs/source/en/model_doc/instructblipvideo.md,2024-06-25 15:45:39+05:00,docs/source/ko/model_doc/instructblipvideo.md,False,,False
en,ko,docs/source/en/model_doc/owlv2.md,2024-05-14 08:36:11+02:00,docs/source/ko/model_doc/owlv2.md,False,,False
en,ko,docs/source/en/model_doc/funnel.md,2023-11-03 10:57:03-04:00,docs/source/ko/model_doc/funnel.md,False,,False
en,ko,docs/source/en/model_doc/llama2.md,2023-12-20 14:25:07+05:30,docs/source/ko/model_doc/llama2.md,True,2023-09-12 08:04:26-07:00,True
en,ko,docs/source/en/model_doc/mctct.md,2023-11-03 10:57:03-04:00,docs/source/ko/model_doc/mctct.md,False,,False
en,ko,docs/source/en/model_doc/blenderbot-small.md,2023-11-03 10:57:03-04:00,docs/source/ko/model_doc/blenderbot-small.md,False,,False
en,ko,docs/source/en/model_doc/vitmatte.md,2023-11-03 10:57:03-04:00,docs/source/ko/model_doc/vitmatte.md,False,,False
en,ko,docs/source/en/model_doc/bloom.md,2023-11-03 10:57:03-04:00,docs/source/ko/model_doc/bloom.md,False,,False
en,ko,docs/source/en/model_doc/speech_to_text_2.md,2024-05-28 18:07:07+01:00,docs/source/ko/model_doc/speech_to_text_2.md,False,,False
en,ko,docs/source/en/model_doc/layoutxlm.md,2023-11-03 10:57:03-04:00,docs/source/ko/model_doc/layoutxlm.md,False,,False
en,ko,docs/source/en/model_doc/megatron-bert.md,2023-11-03 10:57:03-04:00,docs/source/ko/model_doc/megatron-bert.md,False,,False
en,ko,docs/source/en/model_doc/xlm-prophetnet.md,2024-05-28 18:07:07+01:00,docs/source/ko/model_doc/xlm-prophetnet.md,False,,False
en,ko,docs/source/en/model_doc/open-llama.md,2023-11-03 10:57:03-04:00,docs/source/ko/model_doc/open-llama.md,False,,False
en,ko,docs/source/en/model_doc/phi.md,2024-04-15 14:10:59+02:00,docs/source/ko/model_doc/phi.md,False,,False
en,ko,docs/source/en/model_doc/auto.md,2024-03-20 15:41:03+00:00,docs/source/ko/model_doc/auto.md,False,,False
en,ko,docs/source/en/model_doc/instructblip.md,2024-06-25 15:45:39+05:00,docs/source/ko/model_doc/instructblip.md,False,,False
en,ko,docs/source/en/model_doc/qwen2_audio.md,2024-08-08 15:47:24+02:00,docs/source/ko/model_doc/qwen2_audio.md,False,,False
en,ko,docs/source/en/model_doc/mpnet.md,2023-11-03 10:57:03-04:00,docs/source/ko/model_doc/mpnet.md,False,,False
en,ko,docs/source/en/model_doc/convnext.md,2023-11-03 10:57:03-04:00,docs/source/ko/model_doc/convnext.md,False,,False
en,ko,docs/source/en/model_doc/segformer.md,2024-06-10 12:35:10+01:00,docs/source/ko/model_doc/segformer.md,False,,False
en,ko,docs/source/en/model_doc/xls_r.md,2023-11-03 10:57:03-04:00,docs/source/ko/model_doc/xls_r.md,False,,False
en,ko,docs/source/en/model_doc/xlm-v.md,2023-11-03 10:57:03-04:00,docs/source/ko/model_doc/xlm-v.md,False,,False
en,ko,docs/source/en/model_doc/rembert.md,2023-11-03 10:57:03-04:00,docs/source/ko/model_doc/rembert.md,False,,False
en,ko,docs/source/en/model_doc/qwen2_moe.md,2024-05-20 10:06:57+02:00,docs/source/ko/model_doc/qwen2_moe.md,False,,False
en,ko,docs/source/en/model_doc/seamless_m4t.md,2023-12-14 15:14:13+00:00,docs/source/ko/model_doc/seamless_m4t.md,False,,False
en,ko,docs/source/en/model_doc/imagegpt.md,2023-11-03 10:57:03-04:00,docs/source/ko/model_doc/imagegpt.md,False,,False
en,ko,docs/source/en/model_doc/nezha.md,2024-05-28 18:07:07+01:00,docs/source/ko/model_doc/nezha.md,False,,False
en,ko,docs/source/en/model_doc/audio-spectrogram-transformer.md,2024-05-16 10:56:11+01:00,docs/source/ko/model_doc/audio-spectrogram-transformer.md,False,,False
en,ko,docs/source/en/model_doc/mask2former.md,2024-05-31 16:56:17+01:00,docs/source/ko/model_doc/mask2former.md,False,,False
en,ko,docs/source/en/model_doc/patchtsmixer.md,2024-02-19 15:22:29+01:00,docs/source/ko/model_doc/patchtsmixer.md,False,,False
en,ko,docs/source/en/model_doc/gpt_bigcode.md,2024-02-16 08:16:58+01:00,docs/source/ko/model_doc/gpt_bigcode.md,False,,False
en,ko,docs/source/en/model_doc/nystromformer.md,2023-11-03 10:57:03-04:00,docs/source/ko/model_doc/nystromformer.md,False,,False
en,ko,docs/source/en/model_doc/glpn.md,2023-11-03 10:57:03-04:00,docs/source/ko/model_doc/glpn.md,False,,False
en,ko,docs/source/en/model_doc/gemma.md,2024-05-20 10:06:57+02:00,docs/source/ko/model_doc/gemma.md,False,,False
en,ko,docs/source/en/model_doc/wavlm.md,2024-02-02 08:45:00+01:00,docs/source/ko/model_doc/wavlm.md,False,,False
en,ko,docs/source/en/model_doc/unispeech-sat.md,2024-02-02 08:45:00+01:00,docs/source/ko/model_doc/unispeech-sat.md,False,,False
en,ko,docs/source/en/model_doc/dpr.md,2023-11-03 10:57:03-04:00,docs/source/ko/model_doc/dpr.md,False,,False
en,ko,docs/source/en/model_doc/realm.md,2024-05-28 18:07:07+01:00,docs/source/ko/model_doc/realm.md,False,,False
en,ko,docs/source/en/model_doc/video_llava.md,2024-09-24 03:40:56-06:00,docs/source/ko/model_doc/video_llava.md,False,,False
en,ko,docs/source/en/model_doc/mgp-str.md,2024-02-08 14:13:35-08:00,docs/source/ko/model_doc/mgp-str.md,False,,False
en,ko,docs/source/en/model_doc/mega.md,2024-05-28 18:07:07+01:00,docs/source/ko/model_doc/mega.md,False,,False
en,ko,docs/source/en/model_doc/codegen.md,2024-04-17 12:19:18+02:00,docs/source/ko/model_doc/codegen.md,False,,False
en,ko,docs/source/en/model_doc/cohere.md,2024-03-15 14:29:11+01:00,docs/source/ko/model_doc/cohere.md,False,,False
en,ko,docs/source/en/model_doc/granite.md,2024-08-27 21:27:21+02:00,docs/source/ko/model_doc/granite.md,False,,False
en,ko,docs/source/en/model_doc/prophetnet.md,2024-07-09 10:38:29+01:00,docs/source/ko/model_doc/prophetnet.md,False,,False
en,ko,docs/source/en/model_doc/gpt_neox.md,2024-06-26 13:56:36+01:00,docs/source/ko/model_doc/gpt_neox.md,False,,False
en,ko,docs/source/en/model_doc/fsmt.md,2023-11-03 10:57:03-04:00,docs/source/ko/model_doc/fsmt.md,False,,False
en,ko,docs/source/en/model_doc/mt5.md,2024-02-01 03:53:49+01:00,docs/source/ko/model_doc/mt5.md,False,,False
en,ko,docs/source/en/model_doc/hiera.md,2024-09-09 10:47:24+02:00,docs/source/ko/model_doc/hiera.md,False,,False
en,ko,docs/source/en/model_doc/convbert.md,2023-11-03 10:57:03-04:00,docs/source/ko/model_doc/convbert.md,False,,False
en,ko,docs/source/en/model_doc/sam.md,2024-08-12 20:20:17+01:00,docs/source/ko/model_doc/sam.md,False,,False
en,ko,docs/source/en/model_doc/falcon.md,2023-09-04 17:18:34+01:00,docs/source/ko/model_doc/falcon.md,False,,False
en,ko,docs/source/en/model_doc/barthez.md,2023-11-03 10:57:03-04:00,docs/source/ko/model_doc/barthez.md,False,,False
en,ko,docs/source/en/model_doc/luke.md,2023-11-03 10:57:03-04:00,docs/source/ko/model_doc/luke.md,False,,False
en,ko,docs/source/en/model_doc/focalnet.md,2023-11-03 10:57:03-04:00,docs/source/ko/model_doc/focalnet.md,False,,False
en,ko,docs/source/en/model_doc/ernie.md,2023-11-03 10:57:03-04:00,docs/source/ko/model_doc/ernie.md,False,,False
en,ko,docs/source/en/model_doc/clip.md,2024-07-18 10:30:37+05:30,docs/source/ko/model_doc/clip.md,False,,False
en,ko,docs/source/en/model_doc/rt_detr.md,2024-07-10 16:34:53+01:00,docs/source/ko/model_doc/rt_detr.md,False,,False
en,ko,docs/source/en/model_doc/idefics2.md,2024-05-21 19:38:02+02:00,docs/source/ko/model_doc/idefics2.md,False,,False
en,ko,docs/source/en/model_doc/informer.md,2024-02-02 08:45:00+01:00,docs/source/ko/model_doc/informer.md,False,,False
en,ko,docs/source/en/model_doc/herbert.md,2023-11-03 10:57:03-04:00,docs/source/ko/model_doc/herbert.md,False,,False
en,ko,docs/source/en/model_doc/encodec.md,2023-11-03 10:57:03-04:00,docs/source/ko/model_doc/encodec.md,False,,False
en,ko,docs/source/en/model_doc/blip-2.md,2024-08-27 18:50:27+01:00,docs/source/ko/model_doc/blip-2.md,False,,False
en,ko,docs/source/en/model_doc/bert.md,2024-04-26 16:23:44+01:00,docs/source/ko/model_doc/bert.md,False,,False
en,ko,docs/source/en/model_doc/umt5.md,2024-02-02 08:45:00+01:00,docs/source/ko/model_doc/umt5.md,False,,False
en,ko,docs/source/en/model_doc/udop.md,2024-04-10 16:02:50+02:00,docs/source/ko/model_doc/udop.md,False,,False
en,ko,docs/source/en/model_doc/llama3.md,2024-09-12 11:24:56+02:00,docs/source/ko/model_doc/llama3.md,False,,False
en,ko,docs/source/en/model_doc/bert-japanese.md,2023-11-03 10:57:03-04:00,docs/source/ko/model_doc/bert-japanese.md,False,,False
en,ko,docs/source/en/model_doc/align.md,2024-09-24 21:28:19-04:00,docs/source/ko/model_doc/align.md,False,,False
en,ko,docs/source/en/model_doc/dialogpt.md,2023-11-03 10:57:03-04:00,docs/source/ko/model_doc/dialogpt.md,False,,False
en,ko,docs/source/en/model_doc/regnet.md,2023-11-06 19:45:03+00:00,docs/source/ko/model_doc/regnet.md,False,,False
en,ko,docs/source/en/model_doc/depth_anything.md,2024-07-05 19:28:41+01:00,docs/source/ko/model_doc/depth_anything.md,False,,False
en,ko,docs/source/en/model_doc/yolos.md,2024-05-16 10:56:11+01:00,docs/source/ko/model_doc/yolos.md,False,,False
en,ko,docs/source/en/model_doc/mistral.md,2024-05-23 17:48:49+01:00,docs/source/ko/model_doc/mistral.md,False,,False
en,ko,docs/source/en/model_doc/swin2sr.md,2024-09-09 10:47:24+02:00,docs/source/ko/model_doc/swin2sr.md,False,,False
en,ko,docs/source/en/model_doc/flava.md,2023-11-03 10:57:03-04:00,docs/source/ko/model_doc/flava.md,False,,False
en,ko,docs/source/en/model_doc/dinat.md,2023-11-03 10:57:03-04:00,docs/source/ko/model_doc/dinat.md,False,,False
en,ko,docs/source/en/model_doc/wav2vec2-conformer.md,2024-06-05 11:56:11+01:00,docs/source/ko/model_doc/wav2vec2-conformer.md,False,,False
en,ko,docs/source/en/model_doc/markuplm.md,2024-02-02 08:45:00+01:00,docs/source/ko/model_doc/markuplm.md,False,,False
en,ko,docs/source/en/model_doc/beit.md,2023-11-03 10:57:03-04:00,docs/source/ko/model_doc/beit.md,False,,False
en,ko,docs/source/en/model_doc/roc_bert.md,2023-11-03 10:57:03-04:00,docs/source/ko/model_doc/roc_bert.md,False,,False
en,ko,docs/source/en/model_doc/swiftformer.md,2024-04-19 18:31:43+01:00,docs/source/ko/model_doc/swiftformer.md,False,,False
en,ko,docs/source/en/model_doc/seamless_m4t_v2.md,2023-12-14 15:14:13+00:00,docs/source/ko/model_doc/seamless_m4t_v2.md,False,,False
en,ko,docs/source/en/model_doc/vit_msn.md,2024-05-16 10:56:11+01:00,docs/source/ko/model_doc/vit_msn.md,False,,False
en,ko,docs/source/en/model_doc/olmoe.md,2024-09-05 15:49:28+02:00,docs/source/ko/model_doc/olmoe.md,False,,False
en,ko,docs/source/en/model_doc/oneformer.md,2024-09-09 10:47:24+02:00,docs/source/ko/model_doc/oneformer.md,False,,False
en,ko,docs/source/en/model_doc/sew.md,2023-11-03 10:57:03-04:00,docs/source/ko/model_doc/sew.md,False,,False
en,ko,docs/source/en/model_doc/altclip.md,2023-11-03 10:57:03-04:00,docs/source/ko/model_doc/altclip.md,False,,False
en,ko,docs/source/en/model_doc/paligemma.md,2024-09-27 11:23:14+02:00,docs/source/ko/model_doc/paligemma.md,False,,False
en,ko,docs/source/en/model_doc/encoder-decoder.md,2024-02-16 08:16:58+01:00,docs/source/ko/model_doc/encoder-decoder.md,False,,False
en,ko,docs/source/en/model_doc/siglip.md,2024-09-27 10:33:55+02:00,docs/source/ko/model_doc/siglip.md,False,,False
en,ko,docs/source/en/model_doc/plbart.md,2023-11-03 10:57:03-04:00,docs/source/ko/model_doc/plbart.md,False,,False
en,ko,docs/source/en/model_doc/t5.md,2024-04-15 14:10:59+02:00,docs/source/ko/model_doc/t5.md,False,,False
en,ko,docs/source/en/model_doc/gpt2.md,2024-06-19 09:40:57+02:00,docs/source/ko/model_doc/gpt2.md,False,,False
en,ko,docs/source/en/model_doc/llava_onevision.md,2024-09-24 03:40:56-06:00,docs/source/ko/model_doc/llava_onevision.md,False,,False
en,ko,docs/source/en/model_doc/bros.md,2023-11-03 10:57:03-04:00,docs/source/ko/model_doc/bros.md,False,,False
en,ko,docs/source/en/model_doc/roberta.md,2024-07-22 10:08:27-07:00,docs/source/ko/model_doc/roberta.md,False,,False
en,ko,docs/source/en/model_doc/swinv2.md,2023-11-03 10:57:03-04:00,docs/source/ko/model_doc/swinv2.md,False,,False
en,ko,docs/source/en/model_doc/led.md,2023-11-03 10:57:03-04:00,docs/source/ko/model_doc/led.md,False,,False
en,ko,docs/source/en/model_doc/phi3.md,2024-05-02 15:30:21+02:00,docs/source/ko/model_doc/phi3.md,False,,False
en,ko,docs/source/en/model_doc/upernet.md,2023-11-03 10:57:03-04:00,docs/source/ko/model_doc/upernet.md,False,,False
en,ko,docs/source/en/model_doc/blenderbot.md,2023-11-03 10:57:03-04:00,docs/source/ko/model_doc/blenderbot.md,False,,False
en,ko,docs/source/en/model_doc/splinter.md,2023-11-03 10:57:03-04:00,docs/source/ko/model_doc/splinter.md,False,,False
en,ko,docs/source/en/model_doc/sew-d.md,2023-11-03 10:57:03-04:00,docs/source/ko/model_doc/sew-d.md,False,,False
en,ko,docs/source/en/model_doc/tapas.md,2023-11-06 19:45:03+00:00,docs/source/ko/model_doc/tapas.md,False,,False
en,ko,docs/source/en/model_doc/lxmert.md,2023-11-03 10:57:03-04:00,docs/source/ko/model_doc/lxmert.md,False,,False
en,ko,docs/source/en/model_doc/dpt.md,2023-11-23 17:44:08+00:00,docs/source/ko/model_doc/dpt.md,False,,False
en,ko,docs/source/en/model_doc/canine.md,2023-11-03 10:57:03-04:00,docs/source/ko/model_doc/canine.md,False,,False
en,ko,docs/source/en/model_doc/vipllava.md,2024-07-19 10:08:56+05:00,docs/source/ko/model_doc/vipllava.md,False,,False
en,ko,docs/source/en/model_doc/nllb.md,2024-09-25 18:04:42+01:00,docs/source/ko/model_doc/nllb.md,False,,False
en,ko,docs/source/en/model_doc/deit.md,2024-05-16 10:56:11+01:00,docs/source/ko/model_doc/deit.md,False,,False
en,ko,docs/source/en/model_doc/pegasus_x.md,2024-02-08 14:13:35-08:00,docs/source/ko/model_doc/pegasus_x.md,False,,False
en,ko,docs/source/en/model_doc/wav2vec2-bert.md,2024-01-18 13:37:34+00:00,docs/source/ko/model_doc/wav2vec2-bert.md,False,,False
en,ko,docs/source/en/model_doc/roformer.md,2023-11-03 10:57:03-04:00,docs/source/ko/model_doc/roformer.md,False,,False
en,ko,docs/source/en/model_doc/omdet-turbo.md,2024-09-26 12:18:23-04:00,docs/source/ko/model_doc/omdet-turbo.md,False,,False
en,ko,docs/source/en/model_doc/owlvit.md,2023-12-11 18:03:42+00:00,docs/source/ko/model_doc/owlvit.md,False,,False
en,ko,docs/source/en/model_doc/granitemoe.md,2024-09-21 01:43:50+02:00,docs/source/ko/model_doc/granitemoe.md,False,,False
en,ko,docs/source/en/model_doc/rwkv.md,2024-02-02 08:45:00+01:00,docs/source/ko/model_doc/rwkv.md,False,,False
en,ko,docs/source/en/model_doc/dbrx.md,2024-05-27 14:57:43+02:00,docs/source/ko/model_doc/dbrx.md,False,,False
en,ko,docs/source/en/model_doc/byt5.md,2023-11-03 10:57:03-04:00,docs/source/ko/model_doc/byt5.md,False,,False
en,ko,docs/source/en/model_doc/qwen2_vl.md,2024-09-12 18:24:04+02:00,docs/source/ko/model_doc/qwen2_vl.md,False,,False
en,ko,docs/source/en/model_doc/superpoint.md,2024-05-28 13:22:06+02:00,docs/source/ko/model_doc/superpoint.md,False,,False
en,ko,docs/source/en/model_doc/flan-t5.md,2023-11-03 10:57:03-04:00,docs/source/ko/model_doc/flan-t5.md,False,,False
en,ko,docs/source/en/model_doc/ctrl.md,2023-11-03 10:57:03-04:00,docs/source/ko/model_doc/ctrl.md,False,,False
en,ko,docs/source/en/model_doc/git.md,2023-11-03 10:57:03-04:00,docs/source/ko/model_doc/git.md,False,,False
en,ko,docs/source/en/model_doc/clap.md,2023-11-06 19:45:03+00:00,docs/source/ko/model_doc/clap.md,False,,False
en,ko,docs/source/en/model_doc/clvp.md,2023-11-10 13:49:10+00:00,docs/source/ko/model_doc/clvp.md,False,,False
en,ko,docs/source/en/model_doc/recurrent_gemma.md,2024-04-15 18:30:59+02:00,docs/source/ko/model_doc/recurrent_gemma.md,False,,False
en,ko,docs/source/en/model_doc/detr.md,2024-09-02 17:19:18+02:00,docs/source/ko/model_doc/detr.md,False,,False
en,ko,docs/source/en/model_doc/xlnet.md,2024-09-09 10:47:24+02:00,docs/source/ko/model_doc/xlnet.md,False,,False
en,ko,docs/source/en/model_doc/esm.md,2023-11-03 10:57:03-04:00,docs/source/ko/model_doc/esm.md,False,,False
en,ko,docs/source/en/model_doc/pvt.md,2024-02-08 14:13:35-08:00,docs/source/ko/model_doc/pvt.md,False,,False
en,ko,docs/source/en/model_doc/reformer.md,2024-02-02 08:45:00+01:00,docs/source/ko/model_doc/reformer.md,False,,False
en,ko,docs/source/en/model_doc/camembert.md,2024-09-09 10:47:24+02:00,docs/source/ko/model_doc/camembert.md,False,,False
en,ko,docs/source/en/model_doc/gpt_neox_japanese.md,2023-11-03 10:57:03-04:00,docs/source/ko/model_doc/gpt_neox_japanese.md,False,,False
en,ko,docs/source/en/model_doc/mra.md,2023-11-03 10:57:03-04:00,docs/source/ko/model_doc/mra.md,False,,False
en,ko,docs/source/en/model_doc/pop2piano.md,2024-02-12 10:48:31-08:00,docs/source/ko/model_doc/pop2piano.md,False,,False
en,ko,docs/source/en/model_doc/falcon_mamba.md,2024-09-09 10:47:24+02:00,docs/source/ko/model_doc/falcon_mamba.md,False,,False
en,ko,docs/source/en/model_doc/convnextv2.md,2023-11-03 10:57:03-04:00,docs/source/ko/model_doc/convnextv2.md,False,,False
en,ko,docs/source/en/model_doc/donut.md,2023-11-03 10:57:03-04:00,docs/source/ko/model_doc/donut.md,False,,False
en,ko,docs/source/en/model_doc/mluke.md,2023-11-03 10:57:03-04:00,docs/source/ko/model_doc/mluke.md,False,,False
en,ko,docs/source/en/model_doc/qdqbert.md,2024-05-28 18:07:07+01:00,docs/source/ko/model_doc/qdqbert.md,False,,False
en,ko,docs/source/en/model_doc/bert-generation.md,2024-02-16 08:16:58+01:00,docs/source/ko/model_doc/bert-generation.md,False,,False
en,ko,docs/source/en/model_doc/transfo-xl.md,2024-02-16 08:16:58+01:00,docs/source/ko/model_doc/transfo-xl.md,False,,False
en,ko,docs/source/en/model_doc/deta.md,2024-05-28 18:07:07+01:00,docs/source/ko/model_doc/deta.md,False,,False
en,ko,docs/source/en/model_doc/starcoder2.md,2024-05-20 10:06:57+02:00,docs/source/ko/model_doc/starcoder2.md,False,,False
en,ko,docs/source/en/model_doc/electra.md,2023-11-03 10:57:03-04:00,docs/source/ko/model_doc/electra.md,False,,False
en,ko,docs/source/en/model_doc/roberta-prelayernorm.md,2023-11-06 19:45:03+00:00,docs/source/ko/model_doc/roberta-prelayernorm.md,False,,False
en,ko,docs/source/en/model_doc/mobilevitv2.md,2023-11-03 10:57:03-04:00,docs/source/ko/model_doc/mobilevitv2.md,False,,False
en,ko,docs/source/en/model_doc/grounding-dino.md,2024-07-25 19:20:47+01:00,docs/source/ko/model_doc/grounding-dino.md,False,,False
en,ko,docs/source/en/model_doc/marian.md,2024-07-22 14:14:47+01:00,docs/source/ko/model_doc/marian.md,False,,False
en,ko,docs/source/en/model_doc/vision-text-dual-encoder.md,2023-11-03 10:57:03-04:00,docs/source/ko/model_doc/vision-text-dual-encoder.md,False,,False
en,ko,docs/source/en/model_doc/nllb-moe.md,2023-11-06 19:45:03+00:00,docs/source/ko/model_doc/nllb-moe.md,False,,False
en,ko,docs/source/en/model_doc/gptsan-japanese.md,2024-05-28 18:07:07+01:00,docs/source/ko/model_doc/gptsan-japanese.md,False,,False
en,ko,docs/source/en/model_doc/nat.md,2024-05-28 18:07:07+01:00,docs/source/ko/model_doc/nat.md,False,,False
en,ko,docs/source/en/model_doc/pixtral.md,2024-09-25 13:53:12+02:00,docs/source/ko/model_doc/pixtral.md,False,,False
en,ko,docs/source/en/model_doc/depth_anything_v2.md,2024-07-05 19:28:41+01:00,docs/source/ko/model_doc/depth_anything_v2.md,False,,False
en,ko,docs/source/en/model_doc/albert.md,2024-09-03 14:01:00+01:00,docs/source/ko/model_doc/albert.md,False,,False
en,ko,docs/source/en/model_doc/vitdet.md,2023-11-03 10:57:03-04:00,docs/source/ko/model_doc/vitdet.md,False,,False
en,ko,docs/source/en/model_doc/speech_to_text.md,2023-11-03 10:57:03-04:00,docs/source/ko/model_doc/speech_to_text.md,False,,False
en,ko,docs/source/en/model_doc/autoformer.md,2023-11-03 10:57:03-04:00,docs/source/ko/model_doc/autoformer.md,False,,False
en,ko,docs/source/en/model_doc/clipseg.md,2024-09-09 10:47:24+02:00,docs/source/ko/model_doc/clipseg.md,False,,False
en,ko,docs/source/en/model_doc/conditional_detr.md,2024-05-08 11:42:07+01:00,docs/source/ko/model_doc/conditional_detr.md,False,,False
en,ko,docs/source/en/model_doc/visual_bert.md,2024-02-16 08:16:58+01:00,docs/source/ko/model_doc/visual_bert.md,False,,False
en,ko,docs/source/en/model_doc/bigbird_pegasus.md,2023-11-03 10:57:03-04:00,docs/source/ko/model_doc/bigbird_pegasus.md,False,,False
en,ko,docs/source/en/model_doc/efficientnet.md,2023-06-20 18:07:47-04:00,docs/source/ko/model_doc/efficientnet.md,False,,False
en,ko,docs/source/en/model_doc/flan-ul2.md,2023-11-03 10:57:03-04:00,docs/source/ko/model_doc/flan-ul2.md,False,,False
en,ko,docs/source/en/model_doc/nougat.md,2023-11-03 10:57:03-04:00,docs/source/ko/model_doc/nougat.md,False,,False
en,ko,docs/source/en/model_doc/llava.md,2024-07-19 10:08:56+05:00,docs/source/ko/model_doc/llava.md,False,,False
en,ko,docs/source/en/model_doc/megatron_gpt2.md,2023-11-03 10:57:03-04:00,docs/source/ko/model_doc/megatron_gpt2.md,False,,False
en,ko,docs/source/en/model_doc/nemotron.md,2024-08-06 15:42:05+02:00,docs/source/ko/model_doc/nemotron.md,False,,False
en,ko,docs/source/en/model_doc/opt.md,2023-12-09 05:38:14+09:00,docs/source/ko/model_doc/opt.md,False,,False
en,ko,docs/source/en/model_doc/t5v1.1.md,2023-11-03 10:57:03-04:00,docs/source/ko/model_doc/t5v1.1.md,False,,False
en,ko,docs/source/en/model_doc/vit_mae.md,2024-05-16 10:56:11+01:00,docs/source/ko/model_doc/vit_mae.md,False,,False
en,ko,docs/source/en/model_doc/ibert.md,2023-11-03 10:57:03-04:00,docs/source/ko/model_doc/ibert.md,False,,False
en,ko,docs/source/en/model_doc/decision_transformer.md,2023-11-03 10:57:03-04:00,docs/source/ko/model_doc/decision_transformer.md,False,,False
en,ko,docs/source/en/model_doc/pegasus.md,2023-11-03 10:57:03-04:00,docs/source/ko/model_doc/pegasus.md,False,,False
en,ko,docs/source/en/model_doc/poolformer.md,2023-11-03 10:57:03-04:00,docs/source/ko/model_doc/poolformer.md,False,,False
en,ko,docs/source/en/model_doc/chameleon.md,2024-09-26 10:18:07-04:00,docs/source/ko/model_doc/chameleon.md,False,,False
en,ko,docs/source/en/model_doc/yoso.md,2023-11-03 10:57:03-04:00,docs/source/ko/model_doc/yoso.md,False,,False
en,ko,docs/source/en/model_doc/trajectory_transformer.md,2023-11-03 10:57:03-04:00,docs/source/ko/model_doc/trajectory_transformer.md,False,,False
en,ko,docs/source/en/model_doc/stablelm.md,2024-05-20 10:06:57+02:00,docs/source/ko/model_doc/stablelm.md,False,,False
en,ko,docs/source/en/model_doc/bertweet.md,2023-11-03 10:57:03-04:00,docs/source/ko/model_doc/bertweet.md,False,,False
en,ko,docs/source/en/model_doc/bridgetower.md,2023-11-03 10:57:03-04:00,docs/source/ko/model_doc/bridgetower.md,False,,False
en,ko,docs/source/en/model_doc/bart.md,2023-11-03 10:57:03-04:00,docs/source/ko/model_doc/bart.md,False,,False
en,ko,docs/source/en/model_doc/dac.md,2024-08-19 10:21:51+01:00,docs/source/ko/model_doc/dac.md,False,,False
en,ko,docs/source/en/model_doc/tapex.md,2023-11-03 10:57:03-04:00,docs/source/ko/model_doc/tapex.md,False,,False
en,ko,docs/source/en/model_doc/efficientformer.md,2024-05-28 18:07:07+01:00,docs/source/ko/model_doc/efficientformer.md,False,,False
en,ko,docs/source/en/model_doc/madlad-400.md,2023-11-28 13:19:50+00:00,docs/source/ko/model_doc/madlad-400.md,False,,False
en,ko,docs/source/en/model_doc/mamba.md,2024-03-11 09:46:24+01:00,docs/source/ko/model_doc/mamba.md,False,,False
en,ko,docs/source/en/model_doc/cvt.md,2023-11-03 10:57:03-04:00,docs/source/ko/model_doc/cvt.md,False,,False
en,ko,docs/source/en/model_doc/dinov2.md,2024-08-19 09:28:13+01:00,docs/source/ko/model_doc/dinov2.md,False,,False
en,ko,docs/source/en/model_doc/univnet.md,2023-11-22 17:21:36+01:00,docs/source/ko/model_doc/univnet.md,False,,False
en,ko,docs/source/en/model_doc/jukebox.md,2024-05-28 18:07:07+01:00,docs/source/ko/model_doc/jukebox.md,False,,False
en,ko,docs/source/en/model_doc/musicgen.md,2024-02-12 10:48:31-08:00,docs/source/ko/model_doc/musicgen.md,False,,False
en,ko,docs/source/en/model_doc/swin.md,2023-11-03 10:57:03-04:00,docs/source/ko/model_doc/swin.md,False,,False
en,ko,docs/source/en/model_doc/perceiver.md,2023-11-03 10:57:03-04:00,docs/source/ko/model_doc/perceiver.md,False,,False
en,ko,docs/source/en/model_doc/xmod.md,2023-11-03 10:57:03-04:00,docs/source/ko/model_doc/xmod.md,False,,False
en,ko,docs/source/en/model_doc/distilbert.md,2024-02-16 08:16:58+01:00,docs/source/ko/model_doc/distilbert.md,False,,False
en,ko,docs/source/en/model_doc/openai-gpt.md,2024-09-09 10:47:24+02:00,docs/source/ko/model_doc/openai-gpt.md,False,,False
en,ko,docs/source/en/model_doc/levit.md,2023-11-03 10:57:03-04:00,docs/source/ko/model_doc/levit.md,False,,False
en,ko,docs/source/en/model_doc/mobilenet_v2.md,2023-11-03 10:57:03-04:00,docs/source/ko/model_doc/mobilenet_v2.md,False,,False
en,ko,docs/source/en/model_doc/musicgen_melody.md,2024-03-18 13:06:12+00:00,docs/source/ko/model_doc/musicgen_melody.md,False,,False
en,ko,docs/source/en/model_doc/gptj.md,2023-11-03 10:57:03-04:00,docs/source/ko/model_doc/gptj.md,False,,False
en,ko,docs/source/en/model_doc/mobilevit.md,2023-11-03 10:57:03-04:00,docs/source/ko/model_doc/mobilevit.md,False,,False
en,ko,docs/source/en/model_doc/xlm.md,2023-11-03 10:57:03-04:00,docs/source/ko/model_doc/xlm.md,False,,False
en,ko,docs/source/en/model_doc/longt5.md,2023-11-03 10:57:03-04:00,docs/source/ko/model_doc/longt5.md,False,,False
en,ko,docs/source/en/model_doc/cpm.md,2023-11-03 10:57:03-04:00,docs/source/ko/model_doc/cpm.md,False,,False
en,ko,docs/source/en/model_doc/patchtst.md,2024-02-19 15:22:29+01:00,docs/source/ko/model_doc/patchtst.md,False,,False
en,ko,docs/source/en/model_doc/longformer.md,2023-11-03 10:57:03-04:00,docs/source/ko/model_doc/longformer.md,False,,False
en,ko,docs/source/en/model_doc/groupvit.md,2023-11-03 10:57:03-04:00,docs/source/ko/model_doc/groupvit.md,False,,False
en,ko,docs/source/en/model_doc/pix2struct.md,2024-02-26 08:42:24-08:00,docs/source/ko/model_doc/pix2struct.md,False,,False
en,ko,docs/source/en/model_doc/mamba2.md,2024-08-26 17:49:44+02:00,docs/source/ko/model_doc/mamba2.md,False,,False
en,ko,docs/source/en/internal/modeling_utils.md,2023-06-20 18:07:47-04:00,docs/source/ko/internal/modeling_utils.md,False,,False
en,ko,docs/source/en/internal/file_utils.md,2023-06-20 18:07:47-04:00,docs/source/ko/internal/file_utils.md,False,,False
en,ko,docs/source/en/internal/audio_utils.md,2023-06-20 18:07:47-04:00,docs/source/ko/internal/audio_utils.md,False,,False
en,ko,docs/source/en/internal/generation_utils.md,2024-08-29 11:51:09+02:00,docs/source/ko/internal/generation_utils.md,False,,False
en,ko,docs/source/en/internal/time_series_utils.md,2023-06-20 18:07:47-04:00,docs/source/ko/internal/time_series_utils.md,False,,False
en,ko,docs/source/en/internal/tokenization_utils.md,2023-06-20 18:07:47-04:00,docs/source/ko/internal/tokenization_utils.md,False,,False
en,ko,docs/source/en/internal/image_processing_utils.md,2023-06-20 18:07:47-04:00,docs/source/ko/internal/image_processing_utils.md,False,,False
en,ko,docs/source/en/internal/trainer_utils.md,2023-12-04 10:04:28-08:00,docs/source/ko/internal/trainer_utils.md,False,,False
en,ko,docs/source/en/internal/pipelines_utils.md,2023-06-20 18:07:47-04:00,docs/source/ko/internal/pipelines_utils.md,False,,False
en,ko,docs/source/en/quantization/awq.md,2024-06-12 11:33:00+01:00,docs/source/ko/quantization/awq.md,True,2024-08-12 10:12:48-07:00,False
en,ko,docs/source/en/quantization/eetq.md,2024-09-09 10:47:24+02:00,docs/source/ko/quantization/eetq.md,True,2024-08-08 09:39:35-07:00,True
en,ko,docs/source/en/quantization/bitsandbytes.md,2024-09-24 03:40:56-06:00,docs/source/ko/quantization/bitsandbytes.md,True,2024-08-08 09:40:50-07:00,True
en,ko,docs/source/en/quantization/torchao.md,2024-09-30 11:30:29+02:00,docs/source/ko/quantization/torchao.md,False,,False
en,ko,docs/source/en/quantization/gptq.md,2024-05-23 14:31:52+02:00,docs/source/ko/quantization/gptq.md,True,2024-08-07 09:19:35-07:00,False
en,ko,docs/source/en/quantization/overview.md,2024-09-25 14:31:38+02:00,docs/source/ko/quantization/overview.md,False,,False
en,ko,docs/source/en/quantization/fbgemm_fp8.md,2024-09-09 10:47:24+02:00,docs/source/ko/quantization/fbgemm_fp8.md,False,,False
en,ko,docs/source/en/quantization/optimum.md,2024-05-23 14:31:52+02:00,docs/source/ko/quantization/optimum.md,False,,False
en,ko,docs/source/en/quantization/quanto.md,2024-09-09 10:47:24+02:00,docs/source/ko/quantization/quanto.md,True,2024-08-07 09:52:57-07:00,True
en,ko,docs/source/en/quantization/contribute.md,2024-05-23 14:31:52+02:00,docs/source/ko/quantization/contribute.md,False,,False
en,ko,docs/source/en/quantization/hqq.md,2024-09-30 14:47:18+02:00,docs/source/ko/quantization/hqq.md,False,,False
en,ko,docs/source/en/quantization/compressed_tensors.md,2024-09-25 14:31:38+02:00,docs/source/ko/quantization/compressed_tensors.md,False,,False
en,ko,docs/source/en/quantization/aqlm.md,2024-09-09 10:47:24+02:00,docs/source/ko/quantization/aqlm.md,False,,False
en,ko,docs/source/en/main_classes/agent.md,2024-09-18 11:07:51+02:00,docs/source/ko/main_classes/agent.md,True,2024-08-30 18:22:27+02:00,True
en,ko,docs/source/en/main_classes/feature_extractor.md,2023-10-16 09:52:29+02:00,docs/source/ko/main_classes/feature_extractor.md,False,,False
en,ko,docs/source/en/main_classes/executorch.md,2024-09-10 16:35:57+01:00,docs/source/ko/main_classes/executorch.md,False,,False
en,ko,docs/source/en/main_classes/text_generation.md,2024-05-14 13:31:39+05:00,docs/source/ko/main_classes/text_generation.md,False,,False
en,ko,docs/source/en/main_classes/tokenizer.md,2023-11-06 15:11:00+01:00,docs/source/ko/main_classes/tokenizer.md,False,,False
en,ko,docs/source/en/main_classes/optimizer_schedules.md,2024-09-09 10:47:24+02:00,docs/source/ko/main_classes/optimizer_schedules.md,False,,False
en,ko,docs/source/en/main_classes/model.md,2024-07-16 09:32:01-04:00,docs/source/ko/main_classes/model.md,False,,False
en,ko,docs/source/en/main_classes/pipelines.md,2024-07-05 17:21:50+01:00,docs/source/ko/main_classes/pipelines.md,False,,False
en,ko,docs/source/en/main_classes/keras_callbacks.md,2023-06-20 18:07:47-04:00,docs/source/ko/main_classes/keras_callbacks.md,False,,False
en,ko,docs/source/en/main_classes/output.md,2024-09-09 10:47:24+02:00,docs/source/ko/main_classes/output.md,False,,False
en,ko,docs/source/en/main_classes/processors.md,2023-11-06 19:45:03+00:00,docs/source/ko/main_classes/processors.md,False,,False
en,ko,docs/source/en/main_classes/trainer.md,2024-09-09 10:47:24+02:00,docs/source/ko/main_classes/trainer.md,False,,False
en,ko,docs/source/en/main_classes/data_collator.md,2024-07-23 15:56:41+02:00,docs/source/ko/main_classes/data_collator.md,False,,False
en,ko,docs/source/en/main_classes/deepspeed.md,2024-01-24 08:31:28-08:00,docs/source/ko/main_classes/deepspeed.md,False,,False
en,ko,docs/source/en/main_classes/configuration.md,2023-06-20 18:07:47-04:00,docs/source/ko/main_classes/configuration.md,False,,False
en,ko,docs/source/en/main_classes/logging.md,2024-09-09 10:47:24+02:00,docs/source/ko/main_classes/logging.md,False,,False
en,ko,docs/source/en/main_classes/image_processor.md,2024-06-11 15:47:38+01:00,docs/source/ko/main_classes/image_processor.md,False,,False
en,ko,docs/source/en/main_classes/callback.md,2024-07-05 08:13:46+02:00,docs/source/ko/main_classes/callback.md,False,,False
en,ko,docs/source/en/main_classes/backbones.md,2024-07-17 20:24:10+01:00,docs/source/ko/main_classes/backbones.md,False,,False
en,ko,docs/source/en/main_classes/quantization.md,2024-09-25 14:31:38+02:00,docs/source/ko/main_classes/quantization.md,False,,False
en,ko,docs/source/en/main_classes/onnx.md,2023-06-20 18:07:47-04:00,docs/source/ko/main_classes/onnx.md,False,,False
